ranking,copied_node,new_fees,delta,perc_delta
0,033d8656219478701227199cbd6f670335c8d408a92ae88b962c49d4dc0e83e025,0,-219120,-100.0
1,03cde60a6323f7122d5178255766e38114b4722ede08f7c9e0c5df9b912cc201d6,356330,137210,62.61865644395765
2,02f1a8c87607f415c8f22c00593002775941dea48869ce23096af27b0cfdcc0b69,334000,114880,52.42789339174881
3,034ea80f8b148c750463546bd999bf7321a0e6dfc60aaf84bd0400a2e8d376c0d5,21123,-197997,-90.36007667031764
4,039d38adaa66554f2079cea57149b85b55df35feb6a54a8bace32898558fea8a4e,132200,-86920,-39.66776195691858
5,03864ef025fde8fb587d989186ce6a4a186895ee44a926bfc370e2c366597a3f8f,269550,50430,23.014786418400877
6,033e9ce4e8f0e68f7db49ffb6b9eecc10605f3f3fcb3c630545887749ab515b9c7,29668,-189452,-86.46038700255568
7,035e4ff418fc8b5554c5d9eea66396c227bd429a3251c8cbc711002ba215bfc226,195500,-23620,-10.779481562614093
8,035f5236d7e6c6d16107c1f86e4514e6ccdd6b2c13c2abc1d7a83cd26ecb4c1d0e,37119,-182001,-83.05996714129245
9,0294ac3e099def03c12a37e30fe5364b1223fd60069869142ef96580c8439c2e0a,22500,-196620,-89.73165388828039
